run_id,workflow,scenario_id,branch,env,service,status,failure_stage,commit_sha,image,tests_total,tests_failed,commit_ts,,test_ts,push_ts,deploy_ts,ended_ts,ttd_sec
19162652016,s1_ci,S1,baseline-dev,cloud-run,baseline-app,success,,166660ba7e15b03dd6098c401048f173bc42cdd1,,1,0,2025-11-07T08:30:03Z,,2025-11-07 08:30:41.205094 UTC,2025-11-07 08:30:52.715119 UTC,2025-11-07 08:31:04.519215 UTC,2025-11-07T08:31:06Z,63
19147143456,s1_ci,S1,baseline-dev,cloud-run,baseline-app,success,,dec1ba9d800215ac1cd8e821f1e1ab3647eb2257,,1,0,2025-11-07T08:25:15Z,,2025-11-07 08:25:59.234181 UTC,2025-11-07 08:26:10.626058 UTC,2025-11-07 08:26:31.414037 UTC,2025-11-07T08:26:33Z,78
19136639296,s1_ci,S1,baseline-dev,cloud-run,baseline-app,success,,c8f8594b464c388f1d8d9f0f836b567c51daf9fb,,1,0,2025-11-06T13:06:49Z,,,,,2025-11-06T13:08:02.347394Z,73.347394
19134632003,s1_ci,S1,baseline-dev,cloud-run,baseline-app,success,,7468ecf299291992d11ddb81f47002f183913d69,,1,0,2025-11-06T11:48:00Z,,,,,2025-11-06T11:50:29Z,149
19066529469,s1_ci,S1,baseline-dev,cloud-run,baseline-app,success,,8fe6805a298e5dedce8e6738dc6a11ad89dfc920,,1,0,2025-11-04T11:04:58Z,,,,,2025-11-04T11:05:33Z,35
19066180676,s1_ci,S1,baseline-dev,cloud-run,baseline-app,success,,1beca2669377ca7ef5d4b9de63a003c857b83097,,1,0,2025-11-04T10:50:46Z,,,,,2025-11-04T10:51:11Z,25
19060335905,s1_ci,S1,baseline-dev,cloud-run,baseline-app,success,,813e9784b9c53b7ad724b1697d8daeec0264c6e1,,1,0,2025-11-04T06:52:33Z,,,,,2025-11-04T06:53:38Z,65
19060070118,s1_ci,S1,baseline-dev,cloud-run,baseline-app,failure,,09aacefc952641fbfa815d3080d3f1cd0ac85061,,1,1,2025-11-04T06:37:07Z,,,,,,
19039334216,s1_ci,S1,baseline-dev,cloud-run,baseline-app,failure,,2c04806415035a5007b99a16ce7b92989a511726,,1,1,2025-11-03T15:11:44Z,,,,,,
19037859225,s1_ci,S1,baseline-dev,cloud-run,baseline-app,success,,274d597d7a99597f5a7406695936d1175219e25f,,1,0,2025-11-03T14:24:39Z,,,,,2025-11-03T14:25:21Z,42
19036035012,s1_ci,S1,baseline-dev,cloud-run,baseline-app,success,,ab8c4aae2d615fc1333a619ee440d96a3f2e036d,,1,0,2025-11-03T14:07:04Z,,,,,2025-11-03T14:07:34Z,30
19032088803,s1_ci,S1,baseline-dev,cloud-run,baseline-app,success,,20566038625b4ce33f17b028d3c1482297b5a834,,1,0,2025-11-03T12:16:05Z,,,,,2025-11-03T12:16:41Z,36
19031588983,s1_ci,S1,baseline-dev,cloud-run,baseline-app,failure,,3567029a2180036017f7b7f217b61d0e747ba92e,,1,1,2025-11-03T10:35:20Z,,,,,,
19031036282,s1_ci,S1,baseline-dev,cloud-run,baseline-app,failure,,1fc8ce64cf8b18439208e07e0220145385e9a466,,1,1,2025-11-03T10:13:54Z,,,,,,
19030491736,s1_ci,S1,baseline-dev,cloud-run,baseline-app,failure,,aa7ffb01a2074bb9337704f05dabb1ae1fdaf48d,,1,1,2025-11-03T09:52:34Z,,,,,,
19030091575,s1_ci,S1,baseline-dev,cloud-run,baseline-app,failure,,9384d3e9e93599a5d4211e9c7dc855f7a3cfb1df,,1,1,2025-11-03T09:37:10Z,,,,,,
19029474240,s1_ci,S1,baseline-dev,cloud-run,baseline-app,failure,,f6bc3e35330baedbddff55883d3132868840bb67,,1,1,2025-11-03T09:14:27Z,,,,,,
19029474233,s1_ci,S1,baseline-dev,cloud-run,baseline-app,failure,,f6bc3e35330baedbddff55883d3132868840bb67,,1,1,2025-11-03T09:14:27Z,,,,,,
19012188665,s1_ci,S1,baseline-dev,cloud-run,baseline-app,success,,a60cb3b22117c54272e119f751c9828ade273c6e,,1,0,2025-11-02T12:23:22Z,,,,,2025-11-02T12:23:52Z,30
18909027714,s1_ci,S1,baseline-dev,cloud-run,baseline-app,failure,,7ae6141110a0d728d8b24b847cd8f8b6bcfa02d0,,1,1,2025-10-29T13:11:41Z,,,,,,
18908864728,s1_ci,S1,baseline-dev,cloud-run,baseline-app,failure,,74535b9867912d1ebbb8c6d75a54dcac2a65d0a1,,1,1,2025-10-29T13:05:53Z,,,,,,
18908478498,s1_ci,S1,baseline-dev,cloud-run,baseline-app,failure,,84dcf3d5a386e8f8a578a348ecf93461b47a2144,,1,1,2025-10-29T12:51:34Z,,,,,,
18908338438,s1_ci,S1,baseline-dev,cloud-run,baseline-app,failure,,455814ec38ced23082c03ae59b77f093716f555c,,1,1,2025-10-29T12:46:11Z,,,,,,
18908337966,s1_ci,S1,baseline-dev,cloud-run,baseline-app,failure,,455814ec38ced23082c03ae59b77f093716f555c,,1,1,2025-10-29T12:46:10Z,,,,,,
18908005036,s1_ci,S1,baseline-dev,cloud-run,baseline-app,failure,,c363a4c8cfaa141a55c6b1e1b33ae78deca6cd38,,1,1,2025-10-29T12:33:25Z,,,,,,
18908004440,s1_ci,S1,baseline-dev,cloud-run,baseline-app,failure,,c363a4c8cfaa141a55c6b1e1b33ae78deca6cd38,,1,1,2025-10-29T12:33:24Z,,,,,,
18882012173,s1_ci,S1,baseline-dev,cloud-run,baseline-app,failure,,0d531f0aa1ca67256fa9baa9ed16ba29190f02a6,,1,1,2025-10-28T16:30:56Z,,,,,,
18881626500,s1_ci,S1,baseline-dev,cloud-run,baseline-app,failure,,012ea42d0d6fa652179c3bd885d2e91a375281df,,1,1,2025-10-28T16:17:57Z,,,,,,
18880971394,s1_ci,S1,baseline-dev,cloud-run,baseline-app,failure,,ddae78e998a7da0a94423e7c080c473f3e8f19fb,,1,1,2025-10-28T15:56:10Z,,,,,,
18880886586,s1_ci,S1,baseline-dev,cloud-run,baseline-app,failure,,aed76c2d141d51cd0ff6b5dad2412836db2fdade,,1,1,2025-10-28T15:53:17Z,,,,,,
18880060286,s1_ci,S1,baseline-dev,cloud-run,baseline-app,failure,,49ba40b447ed6b6bc7023ede0dea2a92062c39d0,,1,1,2025-10-28T15:26:29Z,,,,,,
18878714765,s1_ci,S1,baseline-dev,cloud-run,baseline-app,failure,,02cb8f91b77685ce65f17fd4613e27a1dcd6d8ad,,1,1,2025-10-28T14:44:06Z,,,,,,
18877906130,s1_ci,S1,baseline-dev,cloud-run,baseline-app,failure,,780b7219ebf26ccce603bf9a6a921f965b0eb11b,,1,1,2025-10-28T14:18:21Z,,,,,,
18876988353,s1_ci,S1,baseline-dev,cloud-run,baseline-app,failure,,713db118e69680d6258e6d3d4fef9157cac30630,,1,1,2025-10-28T13:48:21Z,,,,,,
18875541832,s1_ci,S1,baseline-dev,cloud-run,baseline-app,failure,,0b517dcbfa035becf55c6a5bb0020cbbd8defd95,,1,1,2025-10-28T12:58:36Z,,,,,,
18875363096,s1_ci,S1,baseline-dev,cloud-run,baseline-app,failure,,6dcf6e658b00e32fc3291f3d5cad069f1f21a885,,1,1,2025-10-28T12:51:35Z,,,,,,
18874928588,s1_ci,S1,baseline-dev,cloud-run,baseline-app,failure,,0b898ad329fd1edff277988d1a7b911de4dd48b2,,1,1,2025-10-28T12:34:46Z,,,,,,
18873610798,s1_ci,S1,baseline-dev,cloud-run,baseline-app,failure,,6a8708d2ca46d8dc9e4841ded6ce96775cf2b417,,1,1,2025-10-28T11:42:30Z,,,,,,
18873376819,s1_ci,S1,baseline-dev,cloud-run,baseline-app,failure,,869499de84cfe9383e72a955a8a86e86d8a21879,,1,1,2025-10-28T11:32:49Z,,,,,,
18873247307,s1_ci,S1,baseline-dev,cloud-run,baseline-app,failure,,0815409386f0ccb216bd83a800aaa5c0bcc4eebc,,1,1,2025-10-28T11:27:44Z,,,,,,
18872989560,s1_ci,S1,baseline-dev,cloud-run,baseline-app,failure,,2a4dd594e26c704c8eda35506fc67b9cfb045072,,1,1,2025-10-28T11:17:41Z,,,,,,
18872968424,s1_ci,S1,baseline-dev,cloud-run,baseline-app,failure,,cc2ccd4604f5ff9b79fcc0864590f8f3b12a8897,,1,1,2025-10-28T11:16:53Z,,,,,,
18872632873,s1_ci,S1,baseline-dev,cloud-run,baseline-app,failure,,26ba9c98f1dc3e1ca8bf0d2f1bc9ad65eea12366,,1,1,2025-10-28T11:04:05Z,,,,,,
18872417876,s1_ci,S1,baseline-dev,cloud-run,baseline-app,failure,,e3e50432ecd7e30d389ec75f74f24fb52a9ab06e,,1,1,2025-10-28T10:55:13Z,,,,,,
18872371876,s1_ci,S1,baseline-dev,cloud-run,baseline-app,failure,,f1fe9d1421b5465777ca9dcab4faed72f7e0253b,,1,1,2025-10-28T10:53:17Z,,,,,,
18871867418,s1_ci,S1,baseline-dev,cloud-run,baseline-app,failure,,655a79df7066631f1df1aa886fe0b7bd176895b7,,1,1,2025-10-28T10:33:16Z,,,,,,
18870154451,s1_ci,S1,baseline-dev,cloud-run,baseline-app,failure,,b90749ee220fa09017defa6b734e474a14fa2057,,1,1,2025-10-28T09:28:10Z,,,,,,
18869671641,s1_ci,S1,baseline-dev,cloud-run,baseline-app,failure,,20128159fec3bee411c06a0502c808e5a15fe361,,1,1,2025-10-28T09:10:08Z,,,,,,
18869413631,s1_ci,S1,baseline-dev,cloud-run,baseline-app,failure,,3126f939e6ef4eb4981cce7dbd78ef613d7ed854,,1,1,2025-10-28T09:00:35Z,,,,,,
18869114940,s1_ci,S1,baseline-dev,cloud-run,baseline-app,failure,,5ec0216e0f52c1a540bc93754a6b6625ecaaa6a2,,1,1,2025-10-28T08:48:25Z,,,,,,
18869114918,s1_ci,S1,baseline-dev,cloud-run,baseline-app,failure,,5ec0216e0f52c1a540bc93754a6b6625ecaaa6a2,,1,1,2025-10-28T08:48:25Z,,,,,,
18846072072,s1_ci,S1,baseline-dev,cloud-run,baseline-app,failure,,fb6fff78e5c19bc429d661f43a3591255c5584f0,,1,1,2025-10-27T15:16:23Z,,,,,,
18845742133,s1_ci,S1,baseline-dev,cloud-run,baseline-app,failure,,03edbb7c39dd03f724ac6c55d9eadde49d10c6a3,,1,1,2025-10-27T15:06:23Z,,,,,,
18845627563,s1_ci,S1,baseline-dev,cloud-run,baseline-app,failure,,38b6f017de31c45e63a0f4f6a8101bc138dc0b39,,1,1,2025-10-27T15:02:58Z,,,,,,
18845446759,s1_ci,S1,baseline-dev,cloud-run,baseline-app,failure,,4f85498b9234baeac9e2f2cf325ebb7221441fba,,1,1,2025-10-27T14:57:23Z,,,,,,
18844673403,s1_ci,S1,baseline-dev,cloud-run,baseline-app,failure,,620f37f28d9783bf99928cd589a1603f2946ddfd,,1,1,2025-10-27T14:33:27Z,,,,,,
18844365871,s1_ci,S1,baseline-dev,cloud-run,baseline-app,failure,,dd6edb426ba076b48382be79568d3fda690e25de,,1,1,2025-10-27T14:24:08Z,,,,,,
18843287068,s1_ci,S1,baseline-dev,cloud-run,baseline-app,failure,,521244bab99a2ab031d80175d4b56acd23373dca,,1,1,2025-10-27T13:49:53Z,,,,,,
18842958283,s1_ci,S1,baseline-dev,cloud-run,baseline-app,failure,,f846b076b7eb71b80c12e3d13d158d10dac1695e,,1,1,2025-10-27T13:38:50Z,,,,,,
18842800318,s1_ci,S1,baseline-dev,cloud-run,baseline-app,failure,,ac1c0274672777ccfee45c87346773f82ccfffd5,,1,1,2025-10-27T13:33:40Z,,,,,,
18842421473,s1_ci,S1,baseline-dev,cloud-run,baseline-app,failure,,bccb128896708e5bea8648ee84487462969d71d8,,1,1,2025-10-27T13:21:24Z,,,,,,
18841726704,s1_ci,S1,baseline-dev,cloud-run,baseline-app,failure,,e2f2b5d42954de2d66a2fd88077dd77fb7706553,,1,1,2025-10-27T12:57:20Z,,,,,,
18841347209,s1_ci,S1,baseline-dev,cloud-run,baseline-app,failure,,d939d44cf91152a1763265e66af0d4693cecfe29,,1,1,2025-10-27T12:43:08Z,,,,,,
18840316058,s1_ci,S1,baseline-dev,cloud-run,baseline-app,failure,,fa2012c0bc593b0686330ab0dfe1661552f2c1a0,,1,1,2025-10-27T12:05:17Z,,,,,,
18840302534,s1_ci,S1,baseline-dev,cloud-run,baseline-app,failure,,752d7c0444507e4389b7f40ee2c8ad95412f1450,,1,1,2025-10-27T12:04:47Z,,,,,,
18836869243,s1_ci,S1,baseline-dev,cloud-run,baseline-app,failure,,563545db550c5a30760dc7fe372528a02c397b98,,1,1,2025-10-27T09:55:11Z,,,,,,
18836689083,s1_ci,S1,baseline-dev,cloud-run,baseline-app,failure,,d84b8a2babb44ce5a61a45f20994292400271f50,,1,1,2025-10-27T09:48:37Z,,,,,,
18836572149,s1_ci,S1,baseline-dev,cloud-run,baseline-app,failure,,ed2b85b0fc853b97fa65b622f3280a95d0b4d438,,1,1,2025-10-27T09:44:22Z,,,,,,
18836082012,s1_ci,S1,baseline-dev,cloud-run,baseline-app,failure,,aaf04229f653f52660ec1cb89e6786a008761db6,,1,1,2025-10-27T09:26:42Z,,,,,,
18835660404,s1_ci,S1,baseline-dev,cloud-run,baseline-app,failure,,022d722f0c70adb75864cb6b730ab969c85c8116,,1,1,2025-10-27T09:11:37Z,,,,,,
18834063084,s1_ci,S1,baseline-dev,cloud-run,baseline-app,failure,,c5c7dea5a832f92a4cc3beca6ffa13bf3e188a25,,1,1,2025-10-27T08:08:25Z,,,,,,
18833997266,s1_ci,S1,baseline-dev,cloud-run,baseline-app,failure,,8ad4d676daecd80e8caa2c7a99d3af5efcfef824,,1,1,2025-10-27T08:05:43Z,,,,,,
18823117411,s1_ci,S1,baseline-dev,cloud-run,baseline-app,failure,,a074f8b64a3a12ff39162a60090d74312a69e5ea,,1,1,2025-10-26T20:10:27Z,,,,,,
18823019379,s1_ci,S1,baseline-dev,cloud-run,baseline-app,failure,,981b7b183a4e33aef98f221a3456a1602a52c822,,1,1,2025-10-26T20:02:24Z,,,,,,
18822878398,s1_ci,S1,baseline-dev,cloud-run,baseline-app,failure,,c0791cce1fa835ef2b29dcfe0b2a0c5885081c90,,1,1,2025-10-26T19:47:26Z,,,,,,
18822750726,s1_ci,S1,baseline-dev,cloud-run,baseline-app,failure,,1c2e63aacf9a3498b9df3ed6261bcc28e0d484fd,,1,1,2025-10-26T19:34:34Z,,,,,,
18822729883,s1_ci,S1,baseline-dev,cloud-run,baseline-app,failure,,84ff7f607ca5f4c71e7090c73e95aba40d2c2850,,1,1,2025-10-26T19:32:39Z,,,,,,
18822687210,s1_ci,S1,baseline-dev,cloud-run,baseline-app,failure,,1d710424aa70794ffdf14d76eda04a1a8edcfbf9,,1,1,2025-10-26T19:28:17Z,,,,,,
18822562050,s1_ci,S1,baseline-dev,cloud-run,baseline-app,failure,,ab7b24ad7f26e63cb9598efdbae2aedd2629246e,,1,1,2025-10-26T19:17:01Z,,,,,,
18822465469,s1_ci,S1,baseline-dev,cloud-run,baseline-app,failure,,18b6da2ef176938234360d6ad52e51d3d672add8,,1,1,2025-10-26T19:09:01Z,,,,,,
18822364116,s1_ci,S1,baseline-dev,cloud-run,baseline-app,failure,,2b3879bae098b2251ef4f10fc61bb615f9dfa89b,,1,1,2025-10-26T19:01:15Z,,,,,,
18822336860,s1_ci,S1,baseline-dev,cloud-run,baseline-app,failure,,81749f830f3307c0a100a1ad795419ab3f8f312a,,1,1,2025-10-26T18:58:33Z,,,,,,
18822300440,s1_ci,S1,baseline-dev,cloud-run,baseline-app,failure,,f0cf5b2304db536a95f911ea799e4a1b17af719b,,1,1,2025-10-26T18:54:04Z,,,,,,
18822213254,s1_ci,S1,baseline-dev,cloud-run,baseline-app,failure,,8822692cff4f9c1d7acb7d6cf566cca6e20934f9,,1,1,2025-10-26T18:46:27Z,,,,,,
18821824589,s1_ci,S1,baseline-dev,cloud-run,baseline-app,failure,,7027575b445bc39180d8ee0ffc5cb6376ac44cb5,,1,1,2025-10-26T18:12:43Z,,,,,,
18821756686,s1_ci,S1,baseline-dev,cloud-run,baseline-app,failure,,56997f836d035d5f609cd000e7190d9769cd5737,,1,1,2025-10-26T18:07:10Z,,,,,,
18819617452,s1_ci,S1,baseline-dev,cloud-run,baseline-app,failure,,6bd50f961f657afb37ad1df540873511e3e10788,,1,1,2025-10-26T14:58:02Z,,,,,,
18819498402,s1_ci,S1,baseline-dev,cloud-run,baseline-app,failure,,61786d4a1d6efcc21cf2c28004a0e3848ec5636d,,1,1,2025-10-26T14:45:40Z,,,,,,
18819362885,s1_ci,S1,baseline-dev,cloud-run,baseline-app,failure,,875904aa460f7404c77f86e816232c15b433202b,,1,1,2025-10-26T14:33:18Z,,,,,,
18819117790,s1_ci,S1,baseline-dev,cloud-run,baseline-app,failure,,5c977133b8b86fdcf090fe04cf76c549c38c95fd,,1,1,2025-10-26T14:12:31Z,,,,,,
18804807679,s1_ci,S1,baseline-dev,cloud-run,baseline-app,failure,,9515c306cbdf0f0f3acc5f74679a2ab5c2055dd8,,1,1,2025-10-25T15:11:52Z,,,,,,
